{
  "mapping": {
    "from": "image_1.jpeg",
    "to": "image_2.jpeg"
  },
  "num_correspondences": 9,
  "A_matrix": [
    [
      1195.0,
      175.0,
      1.0,
      0.0,
      0.0,
      0.0,
      -897445.0,
      -131425.0
    ],
    [
      0.0,
      0.0,
      0.0,
      1195.0,
      175.0,
      1.0,
      -280825.0,
      -41125.0
    ],
    [
      1025.0,
      230.0,
      1.0,
      0.0,
      0.0,
      0.0,
      -628325.0,
      -140990.0
    ],
    [
      0.0,
      0.0,
      0.0,
      1025.0,
      230.0,
      1.0,
      -266500.0,
      -59800.0
    ],
    [
      780.0,
      223.0,
      1.0,
      0.0,
      0.0,
      0.0,
      -296400.0,
      -84740.0
    ],
    [
      0.0,
      0.0,
      0.0,
      780.0,
      223.0,
      1.0,
      -165360.0,
      -47276.0
    ],
    [
      1059.0,
      324.0,
      1.0,
      0.0,
      0.0,
      0.0,
      -675642.0,
      -206712.0
    ],
    [
      0.0,
      0.0,
      0.0,
      1059.0,
      324.0,
      1.0,
      -370650.0,
      -113400.0
    ],
    [
      865.0,
      682.0,
      1.0,
      0.0,
      0.0,
      0.0,
      -380600.0,
      -300080.0
    ],
    [
      0.0,
      0.0,
      0.0,
      865.0,
      682.0,
      1.0,
      -589065.0,
      -464442.0
    ],
    [
      981.0,
      734.0,
      1.0,
      0.0,
      0.0,
      0.0,
      -537588.0,
      -402232.0
    ],
    [
      0.0,
      0.0,
      0.0,
      981.0,
      734.0,
      1.0,
      -713187.0,
      -533618.0
    ],
    [
      1043.0,
      737.0,
      1.0,
      0.0,
      0.0,
      0.0,
      -626843.0,
      -442937.0
    ],
    [
      0.0,
      0.0,
      0.0,
      1043.0,
      737.0,
      1.0,
      -758261.0,
      -535799.0
    ],
    [
      1202.0,
      304.0,
      1.0,
      0.0,
      0.0,
      0.0,
      -901500.0,
      -228000.0
    ],
    [
      0.0,
      0.0,
      0.0,
      1202.0,
      304.0,
      1.0,
      -414690.0,
      -104880.0
    ],
    [
      875.0,
      734.0,
      1.0,
      0.0,
      0.0,
      0.0,
      -390250.0,
      -327364.0
    ],
    [
      0.0,
      0.0,
      0.0,
      875.0,
      734.0,
      1.0,
      -640500.0,
      -537288.0
    ]
  ],
  "b_vector": [
    751.0,
    235.0,
    613.0,
    260.0,
    380.0,
    212.0,
    638.0,
    350.0,
    440.0,
    681.0,
    548.0,
    727.0,
    601.0,
    727.0,
    750.0,
    345.0,
    446.0,
    732.0
  ],
  "H_matrix": [
    [
      1.9195305283244815,
      -0.1093043074706055,
      -881.483099853411
    ],
    [
      0.4369978028058709,
      1.5767390870065319,
      -362.1174878085938
    ],
    [
      0.0007195539928383873,
      -3.0011446214096374e-05,
      1.0
    ]
  ]
}